Id,Label,timeset,degree,weighted degree,modularity_class
Gemma Frisius,Gemma Frisius,,2,2,0
Jacques Pelletier du Mans,Jacques Pelletier du Mans,,2,2,0
Orazio Toscanella,Orazio Toscanella,,9,10,0
Paolo Giovio,Paolo Giovio,,9,10,40
Leo X,Leo X,,23,24,1
Hadrianus VI,Hadrianus VI,,4,4,40
"Colonna, Pompeo","Colonna, Pompeo",,7,9,40
Zosimo I,Zosimo I,,4,4,40
Adrianus VI,Adrianus VI,,19,19,40
Lodovico Domenichi,Lodovico Domenichi,,7,7,40
Rodolphus Agricola,Rodolphus Agricola,,1,1,0
Nicolas Cleynaerts,Nicolas Cleynaerts,,12,13,2
"Guillon, René","Guillon, René",,1,1,2
"Lipsius, Justus","Lipsius, Justus",,6,6,27
"Schoppe, Kaspar","Schoppe, Kaspar",,2,2,27
"Stapleton, Thomas","Stapleton, Thomas",,2,2,27
Pietro Lauro,Pietro Lauro,,3,3,117
Juan Luis Vives,Juan Luis Vives,,11,12,0
Aristoteles.,Aristoteles.,,53,55,1
Marcantonio Zimara,Marcantonio Zimara,,10,11,2
Averroes Cordubensis,Averroes Cordubensis,,14,15,2
Dominicus de Flandria,Dominicus de Flandria,,7,9,2
Paulus Barbus,Paulus Barbus,,4,4,2
Giacomo Rossetti,Giacomo Rossetti,,4,4,2
Thomas Aquinas,Thomas Aquinas,,40,42,1
"Latomus, Jacobus","Latomus, Jacobus",,1,1,1
Joannes Lensaeus,Joannes Lensaeus,,1,1,1
Gregorio Correr,Gregorio Correr,,1,1,70
"de Vargas Meija, Francisco","de Vargas Meija, Francisco",,2,2,70
"Bollanus, Domenicus","Bollanus, Domenicus",,1,1,4
Sixtus V,Sixtus V,,110,117,2
Bernard of Clairvaux,Bernard of Clairvaux,,16,16,100
"Comestor, Franciscus","Comestor, Franciscus",,4,4,100
Louis de Rye,Louis de Rye,,4,4,100
Gilbert of Hoyland,Gilbert of Hoyland,,4,4,100
"Miraeus, Ludovicus","Miraeus, Ludovicus",,4,4,100
"Vossius, Gerardus","Vossius, Gerardus",,1,1,100
Sixtus III,Sixtus III,,3,3,2
Bracharius,Bracharius,,3,3,2
Gugliemo Sirleto,Gugliemo Sirleto,,6,6,2
"Solanius, Jacobus Salvator","Solanius, Jacobus Salvator",,3,3,2
"de Valentia, Gregorius","de Valentia, Gregorius",,4,4,105
Wilhelm V (der Fromme),Wilhelm V (der Fromme),,1,1,105
"Breznicius, Jacobus","Breznicius, Jacobus",,4,4,2
"Caballus, Marinus","Caballus, Marinus",,4,4,2
"Grittius, Nicoloaus","Grittius, Nicoloaus",,4,4,2
Maximos Margunios,Maximos Margunios,,4,4,2
Bernardino Tomitano,Bernardino Tomitano,,6,6,2
Plato,Plato,,7,7,2
"Donato, Joannes Bernardus","Donato, Joannes Bernardus",,6,6,2
Francesco Filelfo,Francesco Filelfo,,16,16,2
Jacob Mantino ben Samuel,Jacob Mantino ben Samuel,,12,12,2
Francis Robortello,Francis Robortello,,24,24,0
Erycius Puteanus,Erycius Puteanus,,2,2,27
"Velascius, Ignicus","Velascius, Ignicus",,2,2,27
"Canta, Jacobus","Canta, Jacobus",,2,2,2
"Guillonius, Renatus","Guillonius, Renatus",,5,5,2
Michelangelo Biondo,Michelangelo Biondo,,3,3,62
Guilelmus de Pastrengo.,Guilelmus de Pastrengo.,,1,1,62
"Gàmbara, Gianfrancesco","Gàmbara, Gianfrancesco",,12,12,40
Lorenzo Gambara,Lorenzo Gambara,,3,3,62
Zoroaster,Zoroaster,,3,3,78
Hermes Trismegistus.,Hermes Trismegistus.,,3,3,78
Asclepius of Tralles,Asclepius of Tralles,,3,3,78
Gregory XIII,Gregory XIII,,63,63,2
Joannes Vitalis a Furno,Joannes Vitalis a Furno,,2,2,4
Costanzo Torri,Costanzo Torri,,29,30,2
"Giunta, Bernardo","Giunta, Bernardo",,2,2,4
"Gonzaga, Francesco","Gonzaga, Francesco",,3,3,4
Joannes Argyropulus Constantinopolitanus.,Joannes Argyropulus Constantinopolitanus.,,3,3,2
Bartholomaeus Albicius,Bartholomaeus Albicius,,4,4,87
"Anguissola, Lucius","Anguissola, Lucius",,4,4,87
"Bonus, Joannes franciscus","Bonus, Joannes franciscus",,4,4,87
Geremia Bucchio,Geremia Bucchio,,4,4,87
"della Rovere, Girolamo","della Rovere, Girolamo",,7,7,87
"Antesignanus, Petrus","Antesignanus, Petrus",,6,7,2
"Glorierius, Julius","Glorierius, Julius",,2,2,2
"Centurionus, Joannes Baptista","Centurionus, Joannes Baptista",,1,1,3
"De Azpilcueta, Martinus","De Azpilcueta, Martinus",,2,2,3
"de' Medici, Cosimo I","de' Medici, Cosimo I",,18,18,40
Agnolo Guicciardini,Agnolo Guicciardini,,2,2,40
"Guicciardini, Francesco","Guicciardini, Francesco",,4,4,40
"Antonianus, Sylvius","Antonianus, Sylvius",,5,7,4
Giovanni Francesco Bordini,Giovanni Francesco Bordini,,8,11,4
"Frizolius, Laurentius","Frizolius, Laurentius",,5,8,4
"Lapius, Thomas","Lapius, Thomas",,5,7,4
"Mercatus, Michael.","Mercatus, Michael.",,5,10,4
Olaus Magnus,Olaus Magnus,,1,1,5
"von Schaumburg, Adolf","von Schaumburg, Adolf",,1,1,5
Aulus Cornelius Celsus.,Aulus Cornelius Celsus.,,2,2,6
Quintus Serenus,Quintus Serenus,,2,2,6
Remmius Palaemon,Remmius Palaemon,,2,2,6
Martin of Braga,Martin of Braga,,2,2,7
Adrianus Barlandus,Adrianus Barlandus,,2,2,7
"Schottenius, Herman","Schottenius, Herman",,2,2,7
"Everardus, Nicolaus","Everardus, Nicolaus",,1,1,78
"Legge, Livio","Legge, Livio",,4,4,78
Innocent VIII,Innocent VIII,,4,4,8
Jacobus de Luciis,Jacobus de Luciis,,5,5,8
Joannes Burckardus,Joannes Burckardus,,4,4,8
Agostino Patrizi Piccolomini,Agostino Patrizi Piccolomini,,4,4,8
Raphael Riarius,Raphael Riarius,,4,4,8
"Albertini, Francesco","Albertini, Francesco",,4,4,40
"Fulvio, Andrea","Fulvio, Andrea",,4,4,40
Giacomo Mazzocchi,Giacomo Mazzocchi,,4,4,40
"Volaterranus, Marius","Volaterranus, Marius",,4,4,40
"Cibus, Innocentius","Cibus, Innocentius",,2,2,9
Lactantius,Lactantius,,2,2,9
"Tuccius, Marianus","Tuccius, Marianus",,2,2,9
Erasmus,Erasmus,,24,24,0
"Oporinus, Joannes","Oporinus, Joannes",,2,2,63
"Sterck van Ringelberg, Joachim Fortius","Sterck van Ringelberg, Joachim Fortius",,2,2,63
Daniele Barbaro,Daniele Barbaro,,8,8,27
"Barozzi, Francesco","Barozzi, Francesco",,3,3,27
"Cardinus, Vincentius","Cardinus, Vincentius",,3,3,27
Proclus,Proclus,,3,3,27
Giles of Rome,Giles of Rome,,3,3,10
William of Ockham,William of Ockham,,3,3,10
"Fulginas, Gratianus","Fulginas, Gratianus",,3,3,10
"Ravennas, Jacobus Baptista","Ravennas, Jacobus Baptista",,3,3,10
"de Verdellay, Joannes","de Verdellay, Joannes",,1,1,11
Guilelmus Parisiensis,Guilelmus Parisiensis,,1,1,11
Paul Scriptoris,Paul Scriptoris,,1,1,12
"Montesdocca, Joannes","Montesdocca, Joannes",,2,2,12
Giacomo Filippo Foresti,Giacomo Filippo Foresti,,2,2,13
"Palavicino, Antonio Gentile","Palavicino, Antonio Gentile",,2,2,13
"Tassus, Aloysius","Tassus, Aloysius",,2,2,13
Thomas Illyricus,Thomas Illyricus,,1,1,40
Bessarion,Bessarion,,2,2,14
George of Trebizond,George of Trebizond,,1,1,14
Graziano da Brescia,Graziano da Brescia,,1,1,12
"Gabriel, Angelus","Gabriel, Angelus",,2,2,63
"Lascaris Byzantinus, Constantinus","Lascaris Byzantinus, Constantinus",,2,2,63
"Manutius, Aldus","Manutius, Aldus",,25,25,0
Bonaventura,Bonaventura,,16,17,39
"Brulefer, Stephanus","Brulefer, Stephanus",,7,7,4
Paul III,Paul III,,21,21,2
"Verratus, Joannes Maria","Verratus, Joannes Maria",,10,10,62
Thomas de Argentina,Thomas de Argentina,,5,5,39
"Amminiani, Sebastiano","Amminiani, Sebastiano",,6,6,39
"Pallavicinus, Julius","Pallavicinus, Julius",,2,2,39
Luis de Granada,Luis de Granada,,1,1,15
"Gianetti, Andrea","Gianetti, Andrea",,1,1,15
"Priamus, Flaminius","Priamus, Flaminius",,2,2,2
Hieronymus,Hieronymus,,20,20,0
Lupus de Olmedo,Lupus de Olmedo,,1,1,100
Dorotheus of Gaza,Dorotheus of Gaza,,1,1,16
Crisostomo dalla Calabria,Crisostomo dalla Calabria,,1,1,16
"Cajetanus, Thomas de Vio","Cajetanus, Thomas de Vio",,13,13,40
Serafino Porrecta,Serafino Porrecta,,15,15,40
"de Thocco, Gulielmus","de Thocco, Gulielmus",,8,8,40
"Fabri, Sixtus","Fabri, Sixtus",,8,8,40
Augustinus Hunnaeus,Augustinus Hunnaeus,,8,8,40
Giovanni Crisostomo Javelli,Giovanni Crisostomo Javelli,,9,9,40
"Ruggieri, Giulio.","Ruggieri, Giulio.",,2,2,118
Francesco Ziletti,Francesco Ziletti,,15,15,118
Maximilian II,Maximilian II,,3,3,31
"Coriolanus, Christophorus","Coriolanus, Christophorus",,3,3,31
"Ligorio, Pirro","Ligorio, Pirro",,3,3,31
Girolamo Mercuriale,Girolamo Mercuriale,,5,5,31
Pius V,Pius V,,30,30,2
"Colonna, Marcantonio","Colonna, Marcantonio",,7,7,39
"Columna, Antonius","Columna, Antonius",,4,4,39
Onofrio Panvinio,Onofrio Panvinio,,14,15,70
Sextus Pompeius Festus,Sextus Pompeius Festus,,1,1,17
Verrius Flaccus,Verrius Flaccus,,1,1,17
"da Lorena, Dorotea","da Lorena, Dorotea",,2,2,18
"Laghi, Niccolò","Laghi, Niccolò",,2,2,18
Pietro Paolo Porro,Pietro Paolo Porro,,2,2,18
"Sanutus, Petrus Aurelius","Sanutus, Petrus Aurelius",,1,1,117
Clement of Alexandria,Clement of Alexandria,,3,3,70
"Hangest, Joannes","Hangest, Joannes",,3,3,70
"Hervetus, Gentianus","Hervetus, Gentianus",,7,7,70
Rodolphus Carpensis,Rodolphus Carpensis,,3,3,70
Pius IV,Pius IV,,24,24,2
"Herminius, Licinius","Herminius, Licinius",,2,2,117
Marquardus de Susannis,Marquardus de Susannis,,2,2,117
"Knaap, Jan.","Knaap, Jan.",,1,1,19
Francesco Strozzi,Francesco Strozzi,,1,1,19
"Aldobrandini, Pietro","Aldobrandini, Pietro",,12,12,27
"Borgognoni, Gerardo","Borgognoni, Gerardo",,5,5,27
Charles Borromeo,Charles Borromeo,,19,19,27
Giovanni Botero,Giovanni Botero,,5,5,27
Carlo Emanuele I,Carlo Emanuele I,,18,18,27
"di Valasco, Giovanni Fernando","di Valasco, Giovanni Fernando",,5,5,27
"Magius, Robertus","Magius, Robertus",,2,2,117
Marco Mantova Benavides,Marco Mantova Benavides,,9,9,117
"Angelio, Pietro.","Angelio, Pietro.",,3,3,4
Franciscus Xaverius,Franciscus Xaverius,,3,3,33
Theodoor Galle,Theodoor Galle,,3,3,33
Francisco de Toledo,Francisco de Toledo,,5,5,33
Orazio Torsellino,Orazio Torsellino,,3,3,33
Clemens VIII,Clemens VIII,,42,42,2
"Sayer, Gregorius","Sayer, Gregorius",,1,1,33
Francesco Villamena,Francesco Villamena,,2,2,33
Alexander de Hales,Alexander de Hales,,3,3,39
"Balainius Andrius, Joannes","Balainius Andrius, Joannes",,4,5,39
"Camillius de Nuceria, Antonius","Camillius de Nuceria, Antonius",,3,3,39
Scipione Rebiba,Scipione Rebiba,,3,3,39
Donato Acciaioli,Donato Acciaioli,,5,5,2
"Farnese, Alessandro","Farnese, Alessandro",,21,22,2
Ignatius of Loyola,Ignatius of Loyola,,6,6,4
Paulus III,Paulus III,,2,2,4
André des Freux,André des Freux,,2,2,4
Carolus III,Carolus III,,1,1,20
"de Maldonado, Juan","de Maldonado, Juan",,1,1,20
"Albertus, Leander","Albertus, Leander",,16,16,70
"Caroli, Joannes","Caroli, Joannes",,9,9,70
Marcantonio Flaminio,Marcantonio Flaminio,,18,18,70
"Flaminius, Joannes Antonius","Flaminius, Joannes Antonius",,16,16,70
"Flaminius, Sabastianus","Flaminius, Sabastianus",,9,9,70
Franciscus Castelionensis,Franciscus Castelionensis,,9,9,70
Giovanni Garzoni,Giovanni Garzoni,,9,9,70
Georgius Mediolanensis,Georgius Mediolanensis,,9,9,70
"Mortarius, Bartholomaeus","Mortarius, Bartholomaeus",,9,9,70
Nicolaus Brixianus,Nicolaus Brixianus,,9,9,70
"Brittus, Rubertus","Brittus, Rubertus",,6,6,21
"Coctius, Cyprianus","Coctius, Cyprianus",,6,6,21
"de Randatio, Matthaeus","de Randatio, Matthaeus",,6,6,21
"Dinaldus, Philippus","Dinaldus, Philippus",,6,6,21
Walter Burley,Walter Burley,,8,8,21
"Lauretani, Marcus","Lauretani, Marcus",,7,7,21
Andreas Vallensis,Andreas Vallensis,,6,6,21
"Donatus, Bernardinus.","Donatus, Bernardinus.",,2,2,90
Gemistus Pletho,Gemistus Pletho,,2,2,90
Rodolfo Pio da Carpi,Rodolfo Pio da Carpi,,8,8,90
"Buccaferreus, Ludovicus","Buccaferreus, Ludovicus",,1,1,2
Federico Delfino,Federico Delfino,,1,1,22
"de Tournon, François","de Tournon, François",,1,1,22
"Colonna, Marcantonio I","Colonna, Marcantonio I",,2,2,2
Agostino Nifo,Agostino Nifo,,4,4,2
Pausanias,Pausanias,,1,1,23
Marcus Musurus,Marcus Musurus,,1,1,23
Anselm of Canterbury,Anselm of Canterbury,,3,3,40
Joachim de Fiore,Joachim de Fiore,,6,6,40
"Barius, Gabriel","Barius, Gabriel",,3,3,40
Pasqualino Regiselmo,Pasqualino Regiselmo,,14,14,40
Johannes Cuspinian,Johannes Cuspinian,,3,3,63
"Ludbrancius, Joannes","Ludbrancius, Joannes",,3,3,63
Valerius Maximus.,Valerius Maximus.,,3,3,63
Felipe III,Felipe III,,4,4,33
Philip II,Philip II,,39,39,2
"Prado, Hieronymus","Prado, Hieronymus",,4,4,33
"Villalpando, Joannes Baptista","Villalpando, Joannes Baptista",,4,4,33
"Trivisanus, Joannes","Trivisanus, Joannes",,2,2,42
Lucrezio Tiraboschi,Lucrezio Tiraboschi,,1,1,42
"Carafa, Antonio","Carafa, Antonio",,9,9,118
"de Soto, Dominicus","de Soto, Dominicus",,4,4,78
Julius III,Julius III,,21,21,2
Paulus Manutius,Paulus Manutius,,11,11,117
Leo XI,Leo XI,,6,6,40
Alexander Hegius von Heek,Alexander Hegius von Heek,,5,5,2
Gisbert Longolius,Gisbert Longolius,,5,5,2
"Magnoli, Paolo","Magnoli, Paolo",,5,5,2
"Hoverius, Franciscus","Hoverius, Franciscus",,8,8,2
Gian Girolamo Albani,Gian Girolamo Albani,,1,1,24
"Papius, Joannes Angelus","Papius, Joannes Angelus",,1,1,24
Gryphius Antonius,Gryphius Antonius,,4,4,2
"Capitonus, Felicianus","Capitonus, Felicianus",,3,3,70
"Floridus, Gaudiosus.","Floridus, Gaudiosus.",,3,3,70
"Roncillionus, Leonardus","Roncillionus, Leonardus",,3,3,70
"Beccaria de Monteregali, Hippolytus Maria","Beccaria de Monteregali, Hippolytus Maria",,2,2,40
Marcantonio Zaltieri,Marcantonio Zaltieri,,2,2,40
"Caesenas, Anastasius","Caesenas, Anastasius",,4,4,62
"Folengius, Joannes Baptista","Folengius, Joannes Baptista",,4,4,62
"Gonzaga, Ercole","Gonzaga, Ercole",,17,17,62
"Vasquez, Michael","Vasquez, Michael",,2,2,33
Antonius Andreas,Antonius Andreas,,8,8,4
Angelo Rocca,Angelo Rocca,,16,16,117
Joannes de Janduno.,Joannes de Janduno.,,2,2,2
Petrus Aureolus,Petrus Aureolus,,2,2,33
Duns Scotus,Duns Scotus,,43,45,1
Ludovico Madruzzo,Ludovico Madruzzo,,7,7,124
"Manente, Bonaventura","Manente, Bonaventura",,3,3,4
"Tataretus, Petrus","Tataretus, Petrus",,7,8,4
Marcellus II,Marcellus II,,5,5,117
"Pole, Reginald","Pole, Reginald",,7,7,117
"Bartolucci, Guido","Bartolucci, Guido",,8,8,4
"Lychetus, Franciscus","Lychetus, Franciscus",,4,4,4
Gregory XIV,Gregory XIV,,14,14,117
"Morandus, Ambrosius","Morandus, Ambrosius",,3,3,117
Agostino Steuco,Agostino Steuco,,3,3,117
"Alciati, Francesco","Alciati, Francesco",,8,8,78
Laurentius Surius,Laurentius Surius,,5,5,78
"Lippomanus, Aloysius","Lippomanus, Aloysius",,13,13,78
"Mosander, Jacobus","Mosander, Jacobus",,5,5,78
"von Bayern, Ernst","von Bayern, Ernst",,7,7,78
Felipe II,Felipe II,,1,1,25
"Conradus, Lancelottus","Conradus, Lancelottus",,1,1,25
Christopher Clavius,Christopher Clavius,,5,5,33
Michael Maestlin,Michael Maestlin,,2,2,33
Rudolf II,Rudolf II,,2,2,33
Claudio Acquaviva,Claudio Acquaviva,,7,7,98
Luís Fróis,Luís Fróis,,10,10,98
"Spitilli, Gaspar","Spitilli, Gaspar",,10,10,98
Everard Mercurian,Everard Mercurian,,1,1,98
"d'Almeyda, Antonio","d'Almeyda, Antonio",,7,7,98
"Gomez, Pedro","Gomez, Pedro",,3,3,98
"Valignano, Alexandro.","Valignano, Alexandro.",,11,11,98
Gaspar Coelho,Gaspar Coelho,,5,5,98
"della Mata, Aegidius","della Mata, Aegidius",,5,5,98
Duarte de Sande,Duarte de Sande,,5,5,98
"Pires, Franciscus","Pires, Franciscus",,5,5,98
Ubaldino Bartolini,Ubaldino Bartolini,,1,1,98
"Maffeius, Joannes Petrus","Maffeius, Joannes Petrus",,1,1,114
"Lauretti, Mariano","Lauretti, Mariano",,2,2,85
Antonio Possevino,Antonio Possevino,,8,8,85
"Tropp, Osbaldo","Tropp, Osbaldo",,2,2,85
"Bollani, Domenico","Bollani, Domenico",,1,1,26
"Turlini, Policreto","Turlini, Policreto",,1,1,26
Diego López de Zúñiga,Diego López de Zúñiga,,3,3,117
"Satorre, Joannes Gregorius","Satorre, Joannes Gregorius",,3,3,117
Clemens I,Clemens I,,1,1,84
"Turrianus, Franciscus","Turrianus, Franciscus",,6,7,84
Paschalis I,Paschalis I,,2,2,117
"Bosio, Antonio","Bosio, Antonio",,2,2,117
Paolo Emilio Sfondrati,Paolo Emilio Sfondrati,,6,6,117
"Baldini, Bernardinus","Baldini, Bernardinus",,19,19,27
Gherardo Borgogni,Gherardo Borgogni,,14,14,27
"Folianus, Sigismundus","Folianus, Sigismundus",,8,8,27
"Gandini, Lodovico","Gandini, Lodovico",,8,8,27
"Gherardini, Filippo","Gherardini, Filippo",,8,8,27
Giuliano Gosellini,Giuliano Gosellini,,14,14,27
"Huijsman, Willem.","Huijsman, Willem.",,8,8,27
Gian Paolo Lomazzo,Gian Paolo Lomazzo,,8,8,27
"Grassius, Bartholomaeus","Grassius, Bartholomaeus",,2,2,98
"Roscius, Julius.","Roscius, Julius.",,2,2,98
"Porzio, Giacomo Filippo","Porzio, Giacomo Filippo",,4,4,62
Michele Porzio,Michele Porzio,,4,4,62
Marcantonio della Torre,Marcantonio della Torre,,2,2,62
"Pepin, Guilelmus","Pepin, Guilelmus",,1,1,28
"Grass, Michael","Grass, Michael",,1,1,28
Oliviero Carafa,Oliviero Carafa,,6,6,40
"de Flisco, Nicolaus","de Flisco, Nicolaus",,7,7,40
Bartolommeo Spina,Bartolommeo Spina,,10,10,40
Sebastiano Corradi,Sebastiano Corradi,,5,5,78
Paolo Burali d'Arezzo,Paolo Burali d'Arezzo,,3,3,78
"Caponsacci, Pietro.","Caponsacci, Pietro.",,3,3,78
"Ferabraccius, Julius","Ferabraccius, Julius",,3,3,78
André de Resende,André de Resende,,1,1,29
"Roderici, Thomas","Roderici, Thomas",,1,1,29
"Gonzaga, Scipione.","Gonzaga, Scipione.",,1,1,30
Muzio Pansa,Muzio Pansa,,1,1,30
Melchior Wieland,Melchior Wieland,,2,2,31
"Vincentius, Johannes","Vincentius, Johannes",,2,2,31
Girolamo Ruscelli,Girolamo Ruscelli,,11,12,78
"Armanus, Tiberius","Armanus, Tiberius",,2,2,32
"Bellovisius, Armandus","Bellovisius, Armandus",,2,2,32
"Manassi, Nicolò","Manassi, Nicolò",,2,2,32
George Bullock,George Bullock,,3,3,78
"Malenus, Michael","Malenus, Michael",,3,3,78
Paolo Sacrati,Paolo Sacrati,,2,2,4
"Balle, Petrus","Balle, Petrus",,5,5,114
"Calza, Franciscus","Calza, Franciscus",,5,5,114
Cosme Damià Hortolà,Cosme Damià Hortolà,,5,5,114
"Rausicus, Joannes","Rausicus, Joannes",,5,5,114
"Taverner, Michael","Taverner, Michael",,5,5,114
Evangelista Marcellino,Evangelista Marcellino,,3,3,33
"Sansonetti, Cosimo","Sansonetti, Cosimo",,2,2,33
"a Petralonga, Petrus Augustus","a Petralonga, Petrus Augustus",,6,6,33
"Bontadosius, Torquatus","Bontadosius, Torquatus",,6,6,33
"Caufridius, Terentius","Caufridius, Terentius",,6,6,33
"de Monte, Joannes Maria","de Monte, Joannes Maria",,6,6,33
Taddeo Guidelli,Taddeo Guidelli,,6,6,33
"Nerutius, Joannes Antonius","Nerutius, Joannes Antonius",,6,6,33
"Giustiniani, Vincenzo","Giustiniani, Vincenzo",,7,7,4
"Primaticci, Gregorio","Primaticci, Gregorio",,1,1,4
Isidoro Chiari,Isidoro Chiari,,2,2,34
"Guidi, Benedetto","Guidi, Benedetto",,2,2,34
"Pampurus, Andreas","Pampurus, Andreas",,2,2,34
Miguel de Palacios,Miguel de Palacios,,3,3,118
Giambattista della Porta,Giambattista della Porta,,3,3,118
"Sacrati, Hercules","Sacrati, Hercules",,3,3,118
"del Castillo, Diego","del Castillo, Diego",,3,3,0
Gilbert de La Porrée,Gilbert de La Porrée,,3,3,40
Hugh of Saint-Cher,Hugh of Saint-Cher,,3,3,40
"de Dominicis, Dominicus","de Dominicis, Dominicus",,2,2,35
"Gambacurta, Jacobus","Gambacurta, Jacobus",,2,2,35
"Trivulzio, Antonio","Trivulzio, Antonio",,2,2,35
Jean-Étienne Duranti,Jean-Étienne Duranti,,1,1,117
"Peretti, Camilla","Peretti, Camilla",,4,4,36
"Ugoni, Pompeo","Ugoni, Pompeo",,4,4,36
Dimitrios Chalkokondyles,Dimitrios Chalkokondyles,,5,5,36
Manuel Chrysoloras,Manuel Chrysoloras,,5,5,36
"Sylvius, Dominicus.","Sylvius, Dominicus.",,4,4,36
"Porticella, Fabrizio","Porticella, Fabrizio",,2,2,37
"Sabello, Jacobus","Sabello, Jacobus",,2,2,37
"Negro, Francesco","Negro, Francesco",,2,2,37
Napoleone Comitoli,Napoleone Comitoli,,9,9,85
"Fontana, Giovanni","Fontana, Giovanni",,4,4,85
Alfonso Paleotti,Alfonso Paleotti,,4,4,85
"Possevino, Giovanni Battista","Possevino, Giovanni Battista",,5,5,85
Agostino Valier,Agostino Valier,,20,20,2
Marsilio Ficino,Marsilio Ficino,,1,1,2
Christophorus Marcellus,Christophorus Marcellus,,1,1,40
Simeon ex Capua,Simeon ex Capua,,3,3,85
Ephrem the Syrian,Ephrem the Syrian,,5,5,85
Ambrose Traversari,Ambrose Traversari,,5,5,85
John Chrysostom,John Chrysostom,,6,6,70
"Aretinus, Franciscus.","Aretinus, Franciscus.",,3,3,70
Germain de Brie,Germain de Brie,,3,3,70
"Faccini, Franciscus Antonius","Faccini, Franciscus Antonius",,3,3,70
"de Casa, Joannes","de Casa, Joannes",,2,2,70
Cristofano Serarrighi,Cristofano Serarrighi,,2,2,70
"Trevisan, Hieronymus","Trevisan, Hieronymus",,2,2,85
Pietro Francesco Zini,Pietro Francesco Zini,,2,2,85
Henri II,Henri II,,14,14,70
Theodorus Cyzicenus,Theodorus Cyzicenus,,2,2,70
Cassius Dio,Cassius Dio,,1,1,162
Georgius Merula,Georgius Merula,,12,12,162
"Bagata, Raphael","Bagata, Raphael",,11,11,85
"Chiochi, Andreas","Chiochi, Andreas",,11,11,85
"Circamontius, Vincentius","Circamontius, Vincentius",,11,11,85
"Fumanus, Adam","Fumanus, Adam",,11,11,85
"Palermus, Valerius","Palermus, Valerius",,11,11,85
"Pasinus, Antinius","Pasinus, Antinius",,11,11,85
"Peretti, Battista","Peretti, Battista",,12,12,85
"Sempervivus, Jacobus","Sempervivus, Jacobus",,11,11,85
"Winkelius, Rolandus","Winkelius, Rolandus",,11,11,85
Zeno of Verona,Zeno of Verona,,11,11,85
Augustine of Hippo,Augustine of Hippo,,4,4,39
Gabriele Fiamma,Gabriele Fiamma,,4,4,39
"Tribesco, Giacomo","Tribesco, Giacomo",,3,3,39
Boethius,Boethius,,4,4,40
Benedetto Varchi,Benedetto Varchi,,6,6,70
Guilelmus de Alvernia,Guilelmus de Alvernia,,1,1,38
"Trajanus, Ioannes Dominicus","Trajanus, Ioannes Dominicus",,1,1,38
Antoine de Mouchy,Antoine de Mouchy,,2,2,39
Peter Lombard,Peter Lombard,,7,7,39
Girolamo Giovannini O.P.,Girolamo Giovannini O.P.,,2,2,157
"Mocenigo, Alvise","Mocenigo, Alvise",,1,1,157
Albertus Magnus,Albertus Magnus,,11,11,39
Hugo Argentinensis,Hugo Argentinensis,,7,7,39
Sisto Fabri,Sisto Fabri,,7,7,33
Alessandro Peretti di Montalto,Alessandro Peretti di Montalto,,11,11,117
Girolamo da Pistoia,Girolamo da Pistoia,,5,5,39
"Beckenhaub, Joannes","Beckenhaub, Joannes",,5,5,39
Antonio Posio,Antonio Posio,,6,6,39
Jean Beleth,Jean Beleth,,3,3,39
"Doard, Nicolas","Doard, Nicolas",,3,3,39
Guillaume Durand,Guillaume Durand,,5,5,39
Cornelius Laurimanus,Cornelius Laurimanus,,3,3,39
Ioannes XXI,Ioannes XXI,,3,3,4
Petrus Hispanus,Petrus Hispanus,,7,7,4
Julianus Martianus Rota,Julianus Martianus Rota,,3,3,4
"Versor, Joannes","Versor, Joannes",,3,3,4
Jean Capréolus,Jean Capréolus,,11,11,40
"Colonna, Ascanio","Colonna, Ascanio",,14,14,40
"Fantoni, Girolamo","Fantoni, Girolamo",,11,11,40
"Iseppi, Giulio","Iseppi, Giulio",,11,11,40
Bonifacius Amerbach,Bonifacius Amerbach,,11,11,40
"Cicero, Marcus Tullius","Cicero, Marcus Tullius",,27,27,1
Celio Secondo Curione,Celio Secondo Curione,,11,11,40
Marius Nizolius,Marius Nizolius,,13,13,40
Eleuterio Albergone,Eleuterio Albergone,,3,3,4
"Seta, Valerius Veronensis","Seta, Valerius Veronensis",,8,8,4
Pietro da L'Aquila,Pietro da L'Aquila,,7,7,4
"Franchi, Joannes","Franchi, Joannes",,7,7,4
"Venturini, Pietro Paolo","Venturini, Pietro Paolo",,7,7,4
Angelo Carletti di Chivasso,Angelo Carletti di Chivasso,,1,1,41
"Ungarelli, Giacomo","Ungarelli, Giacomo",,1,1,41
"Maiole, Simeone","Maiole, Simeone",,4,4,39
Bartolomeo of Ferrara,Bartolomeo of Ferrara,,1,1,42
"Bellerus, Joannes","Bellerus, Joannes",,5,5,117
Gabriel Biel,Gabriel Biel,,7,7,117
Theodoricus Hezius,Theodoricus Hezius,,5,5,117
Girolamo Muzio,Girolamo Muzio,,15,15,117
"Cetrus, Josephus","Cetrus, Josephus",,6,6,62
"Hoffmann, Johannes","Hoffmann, Johannes",,6,6,62
"Thomas, Johann","Thomas, Johann",,6,6,62
Alfonso II d'Este,Alfonso II d'Este,,14,14,62
"Vivaldo, Martino Alfonso","Vivaldo, Martino Alfonso",,6,6,62
Raffaello Maffei,Raffaello Maffei,,3,3,33
Giulio Antonio Santorio,Giulio Antonio Santorio,,8,8,33
"Sibylla, Bartholomeus","Sibylla, Bartholomeus",,2,2,33
Salvatore Bartolucci,Salvatore Bartolucci,,7,8,4
"Guidi, Cipriano","Guidi, Cipriano",,5,5,118
Pelbartus Ladislaus of Temesvár,Pelbartus Ladislaus of Temesvár,,12,12,118
"Rossi, Gabriele","Rossi, Gabriele",,5,5,118
"de Torquemada, Juan","de Torquemada, Juan",,3,3,117
"Vitelli, Vitellozzo","Vitelli, Vitellozzo",,3,3,117
Sylvester Mazzolini,Sylvester Mazzolini,,1,1,43
"Trivulzio, Agostini","Trivulzio, Agostini",,1,1,43
"Grimani, Marino","Grimani, Marino",,5,5,40
"Ponzinibio, Giovanni Francesco","Ponzinibio, Giovanni Francesco",,3,3,40
Publio Francesco Spinola,Publio Francesco Spinola,,3,3,40
"Camer, Tiburtius","Camer, Tiburtius",,2,2,44
Nicolas Denisse,Nicolas Denisse,,2,2,44
"Valentio, Egidio","Valentio, Egidio",,2,2,44
Pius II,Pius II,,6,6,78
Francesco Bandini Piccolomini,Francesco Bandini Piccolomini,,7,7,78
Johannes Gobellinus,Johannes Gobellinus,,5,5,78
"Malvicino, Cesare","Malvicino, Cesare",,5,5,78
"Muretus, Antonius","Muretus, Antonius",,5,5,78
"Comitius, Ascanius","Comitius, Ascanius",,1,1,45
"Lomellinus del Campo, Jacobus","Lomellinus del Campo, Jacobus",,1,1,45
Syrianus,Syrianus,,3,3,153
Girolamo Bagolino,Girolamo Bagolino,,1,1,153
Petrarch,Petrarch,,15,15,39
Alessandro Vellutello,Alessandro Vellutello,,1,1,39
Angelus Brixiensis,Angelus Brixiensis,,4,4,33
"Aquarius, Matthias","Aquarius, Matthias",,7,7,33
"Silvestri, Francesco","Silvestri, Francesco",,4,4,33
"Zabrera, Maximus","Zabrera, Maximus",,4,4,33
"Bembo, Pietro","Bembo, Pietro",,5,5,70
Baldassarre Castiglione,Baldassarre Castiglione,,5,5,70
"Cotta, Joannes","Cotta, Joannes",,5,5,70
Andrea Navagero,Andrea Navagero,,9,9,70
Girolamo Catena,Girolamo Catena,,2,2,39
"Taurellino, Francisco","Taurellino, Francisco",,1,1,46
"Taurellino, Lelio","Taurellino, Lelio",,1,1,46
Elisabeth I,Elisabeth I,,3,3,47
Pietro Bizzarri,Pietro Bizzarri,,3,3,47
Mary,Mary,,3,3,47
"Russell, Francis","Russell, Francis",,3,3,47
Guglielmo Gonzaga,Guglielmo Gonzaga,,4,4,48
"Moizio, Guglielmo","Moizio, Guglielmo",,4,4,48
Cherubinus de Spoleto,Cherubinus de Spoleto,,4,4,48
Seraphinus Mantuanus,Seraphinus Mantuanus,,4,4,48
Girolamo Tornieli,Girolamo Tornieli,,4,4,48
Girolamo Fracastoro,Girolamo Fracastoro,,14,14,78
"Trevisan, Andrea","Trevisan, Andrea",,4,4,117
"Folengo, Francesco","Folengo, Francesco",,1,1,49
Teofilo Folengo,Teofilo Folengo,,1,1,49
Giovanni Calderia,Giovanni Calderia,,2,2,62
"Donato, Francesco","Donato, Francesco",,3,3,62
Ludovico Ariosto,Ludovico Ariosto,,9,9,62
Celio Calcagnini,Celio Calcagnini,,3,3,62
Giovan Battista Pigna,Giovan Battista Pigna,,4,4,62
Ludovico Nogarola,Ludovico Nogarola,,1,1,62
"Alionus, Achilles","Alionus, Achilles",,2,2,50
"de Laude, Gabriel","de Laude, Gabriel",,2,2,50
Giovanni Nevizzano,Giovanni Nevizzano,,2,2,50
Stephanus I,Stephanus I,,1,1,33
Charles V,Charles V,,6,6,2
"Titelmannus, Franciscus","Titelmannus, Franciscus",,4,4,2
Francesco Panigarola,Francesco Panigarola,,10,10,2
Giovanni Dall'Armi,Giovanni Dall'Armi,,3,3,2
Sebastião I,Sebastião I,,2,2,98
"da Fonseca, Pedro","da Fonseca, Pedro",,10,10,98
"De Licht, Pierre","De Licht, Pierre",,2,2,83
"de Lorraine, Christine","de Lorraine, Christine",,5,5,83
"Minucci, Francesco","Minucci, Francesco",,2,2,83
"Martinengus, Prosper","Martinengus, Prosper",,2,2,62
Paul IV,Paul IV,,4,4,62
Tommaso Campeggi,Tommaso Campeggi,,3,3,62
"Stella, Gianbattista","Stella, Gianbattista",,1,1,62
Antoine Perrenot de Granvelle,Antoine Perrenot de Granvelle,,8,8,62
Ludovicus a S. Malachia,Ludovicus a S. Malachia,,1,1,33
"Fiorino, Gasparo","Fiorino, Gasparo",,2,2,51
"Parise, Francesco","Parise, Francesco",,2,2,51
"de Lannoy, Orazio","de Lannoy, Orazio",,2,2,51
Guglielmo Gonzaga I,Guglielmo Gonzaga I,,6,8,78
"Valseranus, Isidorus.","Valseranus, Isidorus.",,1,1,78
"Bernardini, Paolino","Bernardini, Paolino",,2,2,40
Georg Witzel,Georg Witzel,,2,2,40
"Anglés, José","Anglés, José",,4,4,78
"Trivisanus, Petrus","Trivisanus, Petrus",,1,1,78
"Vallone, Giovanni","Vallone, Giovanni",,8,8,4
"Delpas, Ange","Delpas, Ange",,2,2,4
"Bavosi, Alfonso","Bavosi, Alfonso",,3,3,87
"Bonfigli, Niccolo","Bonfigli, Niccolo",,6,6,87
"Pisana, Raffaella","Pisana, Raffaella",,3,3,87
Berardo Bongiovanni,Berardo Bongiovanni,,2,2,40
"Casalius, Gaspar","Casalius, Gaspar",,2,2,117
Gaspar Cardillo de Villalpando,Gaspar Cardillo de Villalpando,,2,2,27
Diego Gilberto Nogueras,Diego Gilberto Nogueras,,2,2,27
"de Castro, Alphonsus","de Castro, Alphonsus",,1,1,2
"Caceres Pacheco, Antonio","Caceres Pacheco, Antonio",,1,1,52
Francisco Pacheco de Toledo,Francisco Pacheco de Toledo,,1,1,52
"Camerarius, Bartholomeus","Camerarius, Bartholomeus",,1,1,62
"Cauzio, Camillo.","Cauzio, Camillo.",,6,6,118
"Cupers, Rodolfo","Cupers, Rodolfo",,1,1,70
Gasparo Contarini,Gasparo Contarini,,2,2,53
"Mendoza de Botadilla, Francisco","Mendoza de Botadilla, Francisco",,2,2,53
"Pharosius, Antonius Maria.","Pharosius, Antonius Maria.",,2,2,53
"Fontani, Andrea","Fontani, Andrea",,2,2,39
Umberto Locati,Umberto Locati,,2,2,39
"Flavius, Melchior","Flavius, Melchior",,3,3,4
"Danes, Pierre","Danes, Pierre",,1,1,70
John Argyropoulos,John Argyropoulos,,7,7,2
Bernardo Nani,Bernardo Nani,,5,5,2
Alexandros of Aphrodisias,Alexandros of Aphrodisias,,6,6,2
Poliziano,Poliziano,,21,21,0
Francesco Venier,Francesco Venier,,1,1,2
Pietro Catena,Pietro Catena,,1,1,21
Alfonso Cambi,Alfonso Cambi,,1,1,78
Galeazzo Florimonte,Galeazzo Florimonte,,3,3,78
"Figliucci, Felice","Figliucci, Felice",,1,1,2
"Muzio, Agostino","Muzio, Agostino",,1,1,70
"Priuli, Lorenzo","Priuli, Lorenzo",,4,4,70
"de' Medici, Ferdinando I","de' Medici, Ferdinando I",,5,5,99
"Piccolomini, Alessandro","Piccolomini, Alessandro",,1,1,99
"Chevenhuller, Augustinus","Chevenhuller, Augustinus",,2,2,54
"Magerus, Erasmus Sigefridus","Magerus, Erasmus Sigefridus",,2,2,54
Antonio Riccoboni,Antonio Riccoboni,,2,2,54
"di Reinoso, Francesco","di Reinoso, Francesco",,1,1,55
Bartolomeo Scappi,Bartolomeo Scappi,,1,1,55
Nicolas Bohier,Nicolas Bohier,,3,3,56
"Montanus, Joannes","Montanus, Joannes",,3,3,56
"Labata, Franciscus","Labata, Franciscus",,3,3,56
"Sanchez, Gaspar","Sanchez, Gaspar",,3,3,56
Andrea Alciato,Andrea Alciato,,10,10,70
"Soccini, Mariano","Soccini, Mariano",,1,1,70
Agostino Bero,Agostino Bero,,3,3,100
"Longus, Albericus","Longus, Albericus",,3,3,100
"Thomasius, Joannes","Thomasius, Joannes",,3,3,100
"Pedro Álvarez de Toledo, Marquis of Villafranca","Pedro Álvarez de Toledo, Marquis of Villafranca",,2,2,106
Tommaso Grammatico,Tommaso Grammatico,,2,2,106
Giovanni Battista Ziletti,Giovanni Battista Ziletti,,6,6,106
Francesco Sansovino,Francesco Sansovino,,10,10,62
"Tinto, Niccolò","Tinto, Niccolò",,4,4,117
Aristophanes,Aristophanes,,1,1,57
"Caninius, Angelus","Caninius, Angelus",,1,1,57
"Zeno, Antonio","Zeno, Antonio",,1,1,58
"Baduarius, Andreas","Baduarius, Andreas",,1,1,58
Heraclides Lembus,Heraclides Lembus,,5,5,59
Melampous,Melampous,,5,5,59
Adamantius.,Adamantius.,,5,5,59
Francesco Peroschi,Francesco Peroschi,,5,5,59
"Polemon, Marcus Antonius.","Polemon, Marcus Antonius.",,5,5,59
Aelian,Aelian,,5,5,59
Bartolomeo Cavalcanti,Bartolomeo Cavalcanti,,2,2,60
"d'Este, Luigi","d'Este, Luigi",,2,2,60
"Portinaio, Pio","Portinaio, Pio",,2,2,60
Lodovico Carboni,Lodovico Carboni,,3,3,98
"della Rovere, Francesco Maria II","della Rovere, Francesco Maria II",,7,7,27
Apuleius,Apuleius,,3,3,61
"Firenzuola, Agnolo","Firenzuola, Agnolo",,3,3,61
"Pucci, Lorenzo","Pucci, Lorenzo",,3,3,61
"Scala, Lorenzo","Scala, Lorenzo",,3,3,61
Charles IX,Charles IX,,10,10,63
Giovanni Michele Bruto,Giovanni Michele Bruto,,5,5,63
Horace,Horace,,25,25,0
Denis Lambin,Denis Lambin,,5,5,63
"Maludanus, Joannes","Maludanus, Joannes",,5,5,63
"Rainerius, Franciscus","Rainerius, Franciscus",,5,5,63
Lodovico Dolce,Lodovico Dolce,,13,13,100
"Fiesco, Urbano","Fiesco, Urbano",,1,1,100
"Alamanni, Luigi","Alamanni, Luigi",,6,6,62
"Bentivoglio, Ercole","Bentivoglio, Ercole",,6,6,62
"Nelli, Pietro","Nelli, Pietro",,6,6,62
Camillo Porzio,Camillo Porzio,,6,6,62
"Vinciguerra, Antonio","Vinciguerra, Antonio",,6,6,62
Benedetto Dell'Uva,Benedetto Dell'Uva,,4,5,64
"Orsina, Felice","Orsina, Felice",,3,4,64
"Colonna, Geronima","Colonna, Geronima",,3,3,64
"Amirrato, Scipione","Amirrato, Scipione",,3,3,64
"Carrafa, Luigi","Carrafa, Luigi",,1,1,64
"Marinelli, Giovanni","Marinelli, Giovanni",,1,1,62
Jordanus de Nemore,Jordanus de Nemore,,3,3,40
Federico Commandino,Federico Commandino,,6,6,40
"Farnese, Ranuccio","Farnese, Ranuccio",,6,6,40
Ptolemy,Ptolemy,,6,6,40
Luigi Cornaro,Luigi Cornaro,,1,1,65
Valerio Marcellino,Valerio Marcellino,,1,1,65
Giovanni Bernardino Bonifacio,Giovanni Bernardino Bonifacio,,1,1,66
Laura Terracina,Laura Terracina,,1,1,66
Ingolfo Conti,Ingolfo Conti,,4,5,27
Sperone Speroni,Sperone Speroni,,4,5,27
"de Sande, Isabel","de Sande, Isabel",,4,4,67
"de Sande, Rodrigo","de Sande, Rodrigo",,4,4,67
Alfonso de Ulloa,Alfonso de Ulloa,,5,5,67
Jorge de Montemor,Jorge de Montemor,,4,4,67
"Pérez, Alonso","Pérez, Alonso",,4,4,67
"Fossa, Vincenzo","Fossa, Vincenzo",,1,1,68
Ottavio Panciroli,Ottavio Panciroli,,1,1,68
Vincenzo Bondi,Vincenzo Bondi,,4,4,117
"de Guevara, Antonio","de Guevara, Antonio",,6,6,117
"Gatta, Giovanni","Gatta, Giovanni",,1,1,62
Marinus Barletius,Marinus Barletius,,1,1,69
Rocca Petru,Rocca Petru,,1,1,69
"Avanzi, Francesco","Avanzi, Francesco",,3,3,4
"de Vega y Fonseca, Fernando","de Vega y Fonseca, Fernando",,3,3,4
Juan González de Mendoza,Juan González de Mendoza,,3,3,4
Joannes de Combis,Joannes de Combis,,4,4,39
"de Almunia, Ximén Pérez","de Almunia, Ximén Pérez",,4,4,39
Miguel Bartolomé Salón,Miguel Bartolomé Salón,,4,4,39
Stanisław Reszka,Stanisław Reszka,,2,2,4
"Treterus, Thomas","Treterus, Thomas",,2,2,4
Henri III,Henri III,,5,5,62
Ludovico Maiorano,Ludovico Maiorano,,5,5,62
Marco Antonio Mazzaroni,Marco Antonio Mazzaroni,,1,1,4
"Medici, Sebastianus","Medici, Sebastianus",,8,8,99
Bernardo de Fresneda,Bernardo de Fresneda,,2,2,134
"Medina, Miguel","Medina, Miguel",,1,1,134
Maffeo Albertini,Maffeo Albertini,,2,2,78
"Del Bene, Giovanni","Del Bene, Giovanni",,2,2,78
Pierre Viret,Pierre Viret,,1,1,117
"d'Este, Ercole II","d'Este, Ercole II",,9,10,70
"Martinengo, Hieronimo","Martinengo, Hieronimo",,2,2,70
"de Medici, Francesco I","de Medici, Francesco I",,5,5,82
"Montorsoli, Angelo Maria","Montorsoli, Angelo Maria",,1,1,82
Bernardino Ochino,Bernardino Ochino,,4,4,78
"Betti, Francesco","Betti, Francesco",,2,2,117
Girolamo Rusticucci,Girolamo Rusticucci,,2,2,117
"Cambianus, Bernardinus","Cambianus, Bernardinus",,3,3,71
Cesare Cybo,Cesare Cybo,,3,3,71
"Ferrerus, Petrus","Ferrerus, Petrus",,3,3,71
"Negri, Girolamo","Negri, Girolamo",,3,3,71
Filippo Guastavillani,Filippo Guastavillani,,1,1,72
"Nobili, Flaminio","Nobili, Flaminio",,1,1,72
"Mazzionius, Marcus Antonius","Mazzionius, Marcus Antonius",,5,5,118
"Petius, Laurentius.","Petius, Laurentius.",,5,5,118
Girolamo Porro,Girolamo Porro,,5,5,118
"Porrus, Firmus","Porrus, Firmus",,5,5,118
Martín Pérez de Ayala,Martín Pérez de Ayala,,1,1,114
Padovano De Grassis,Padovano De Grassis,,3,3,117
"Polo, Antonio","Polo, Antonio",,1,1,78
Gonzalo Ponce de Léon,Gonzalo Ponce de Léon,,2,2,78
"Waramundus, Leonhart","Waramundus, Leonhart",,2,2,78
Mariano Vittori,Mariano Vittori,,3,3,117
"Sanders, Nicholas","Sanders, Nicholas",,3,3,4
Filippo Sega,Filippo Sega,,3,3,4
Diego de Espinosa,Diego de Espinosa,,1,1,73
Bartolomé Torres,Bartolomé Torres,,1,1,73
"Esteve, Josè","Esteve, Josè",,1,1,4
"Gori, Giovanni Francesco","Gori, Giovanni Francesco",,1,1,74
"Venosta, Raffaele","Venosta, Raffaele",,1,1,74
"Audet, Nicolaus","Audet, Nicolaus",,1,1,62
Tomás de Chaves,Tomás de Chaves,,3,3,75
"de Vitoria, Francisco","de Vitoria, Francisco",,3,3,75
Gaspar de Zúñiga y Avellaneda,Gaspar de Zúñiga y Avellaneda,,3,3,75
Clemens Araneus,Clemens Araneus,,2,2,76
"Beniventanus, Caesar Petrus","Beniventanus, Caesar Petrus",,2,2,76
Filippo Trivulzio,Filippo Trivulzio,,2,2,76
"Cerretus, Laurentius","Cerretus, Laurentius",,1,1,77
"Giacomello, Tommaso","Giacomello, Tommaso",,1,1,77
"Bonelli, Michele","Bonelli, Michele",,12,12,39
"Grisaldi, Paolo","Grisaldi, Paolo",,1,1,39
Lancelotto Politi,Lancelotto Politi,,12,12,78
Girolamo Savonarola,Girolamo Savonarola,,8,8,70
Tommaso Elisio,Tommaso Elisio,,4,4,39
Serafino Cavalli,Serafino Cavalli,,4,4,39
"de Medina, Bartolomé","de Medina, Bartolomé",,7,7,39
Alfonso Gesualdo,Alfonso Gesualdo,,2,2,78
Clemente Politi,Clemente Politi,,2,2,78
"Perez, Franciscus","Perez, Franciscus",,3,3,75
"Rotia, Marcus Antonius","Rotia, Marcus Antonius",,2,2,78
"de Acosta, José","de Acosta, José",,4,4,118
"Salviati, Giovanni","Salviati, Giovanni",,1,2,84
Otto Truchsess von Waldburg,Otto Truchsess von Waldburg,,2,2,84
"Bodin, Jean","Bodin, Jean",,4,4,85
"de la Noue, François","de la Noue, François",,4,4,85
Philippe de Mornay,Philippe de Mornay,,4,4,85
"Machiavelli, Niccolò","Machiavelli, Niccolò",,4,4,85
Ferdinand II,Ferdinand II,,6,6,33
"Silvestrani Brenzone, Cristoforo","Silvestrani Brenzone, Cristoforo",,2,2,33
"Cusani, Agostino","Cusani, Agostino",,1,1,79
"de Rada, Juan","de Rada, Juan",,1,1,79
"Alessandrini, Girolamo","Alessandrini, Girolamo",,3,3,80
Giovanni Paolo Pallantieri,Giovanni Paolo Pallantieri,,3,3,80
Anton Maria Salviati,Anton Maria Salviati,,3,3,80
"Zava, Francesco","Zava, Francesco",,3,3,80
"Benoit, Jean","Benoit, Jean",,2,2,114
"de Cheffontaines, Christophe","de Cheffontaines, Christophe",,3,3,114
"Colella, Petrus","Colella, Petrus",,3,3,117
"Cortesius, Julius","Cortesius, Julius",,3,3,117
"Manso, Vittorino","Manso, Vittorino",,3,3,117
"Affaytatus, Joannes Carolus","Affaytatus, Joannes Carolus",,1,1,81
"Delfini, Cesare","Delfini, Cesare",,1,1,81
"Faciuta, Sebastiano","Faciuta, Sebastiano",,2,2,82
"Savelli, Giacomo","Savelli, Giacomo",,2,2,82
Cosimo Filiarchi,Cosimo Filiarchi,,3,3,117
"Melarancius, Sanctus","Melarancius, Sanctus",,4,4,4
"Novellus, Alexander","Novellus, Alexander",,4,4,4
"Pasqualis, Valentinus","Pasqualis, Valentinus",,4,4,4
"Polidoro, Valerio","Polidoro, Valerio",,4,4,4
"Mazzochi, Piero","Mazzochi, Piero",,3,3,83
"Nozzolini, Giuseppo","Nozzolini, Giuseppo",,3,3,83
Prospero Rossetti,Prospero Rossetti,,3,3,83
Gregorius XIII,Gregorius XIII,,1,1,114
Angelo Pientini,Angelo Pientini,,1,1,99
"Protasewicz, Valerianus","Protasewicz, Valerianus",,3,3,84
"Radziwiłł, Georgius","Radziwiłł, Georgius",,3,3,84
"Volanus, Andreas","Volanus, Andreas",,3,3,84
"Corradi, Giovanni Battista","Corradi, Giovanni Battista",,5,5,85
"Festini, Ignatius","Festini, Ignatius",,5,5,85
"Novellus, Leonardus","Novellus, Leonardus",,5,5,85
"Spoletinus, Nerrius Felitianus","Spoletinus, Nerrius Felitianus",,5,5,85
Mauro Antonio Berarducci,Mauro Antonio Berarducci,,1,1,117
Girolamo Paffi,Girolamo Paffi,,3,3,33
"Brissio, Cesare","Brissio, Cesare",,3,3,33
"Chacon, Alfonso","Chacon, Alfonso",,2,2,78
"Borgi, Joannes","Borgi, Joannes",,2,2,39
"de Valverde y Gandìa, Bartolomè","de Valverde y Gandìa, Bartolomè",,4,4,39
"von Wertzowiv, Wenceslaus","von Wertzowiv, Wenceslaus",,2,2,39
Albrecht VII,Albrecht VII,,5,5,39
Agostino da Montalcino,Agostino da Montalcino,,5,5,39
"Cravaliz, Agostino di.","Cravaliz, Agostino di.",,5,5,39
Francesco Lopez,Francesco Lopez,,5,5,39
"Mocenigo, Andrea","Mocenigo, Andrea",,5,5,39
"Rangone, Fulvio","Rangone, Fulvio",,2,2,70
Giovanni Battista Susio,Giovanni Battista Susio,,2,2,70
"Lucciago, Jacobus","Lucciago, Jacobus",,1,1,78
"Samarinus, Franciscus","Samarinus, Franciscus",,2,2,117
"Surmani, Joannes Franciscus","Surmani, Joannes Franciscus",,2,2,117
Thomas Beauxamis,Thomas Beauxamis,,6,6,87
"de Gondi, Pierre","de Gondi, Pierre",,3,3,87
"Rubeus, Joannes Baptista","Rubeus, Joannes Baptista",,3,3,87
"Benzonius, Rutilius","Benzonius, Rutilius",,2,2,33
"Nuado, Antonio","Nuado, Antonio",,2,2,33
John Bromyard,John Bromyard,,4,4,86
"Phadius, Josephus","Phadius, Josephus",,4,4,86
"Prasegnius, Franciscus","Prasegnius, Franciscus",,4,4,86
"Ritius, Arcangelus","Ritius, Arcangelus",,4,4,86
"Sannoto, Mattheus","Sannoto, Mattheus",,4,4,86
"Ciotti, Giovanni Baptista","Ciotti, Giovanni Baptista",,2,2,118
"Teurstain, Simon","Teurstain, Simon",,2,2,118
"Buffet, Françiscus","Buffet, Françiscus",,3,3,87
"de Guise, Charles","de Guise, Charles",,3,3,87
Jean Daurat,Jean Daurat,,3,3,87
"Bonanno, Alessandro","Bonanno, Alessandro",,2,2,88
Leonardo Cernoti,Leonardo Cernoti,,2,2,88
"Minafrea, Andreas","Minafrea, Andreas",,2,2,88
"Franco, Giacomo","Franco, Giacomo",,8,8,78
"Ruscelli, Vincenzo","Ruscelli, Vincenzo",,5,6,78
"Franceschi, Lorenzo","Franceschi, Lorenzo",,4,4,78
Antonio Rinieri,Antonio Rinieri,,4,4,78
"da Este, Beatrice","da Este, Beatrice",,1,1,89
Luigi Bigi Pittorio,Luigi Bigi Pittorio,,1,1,89
Giovanni Ludovico della Rovere,Giovanni Ludovico della Rovere,,2,2,117
Antonio Gislandi,Antonio Gislandi,,2,2,117
"Canofilo, Francesco","Canofilo, Francesco",,3,3,90
"de Monelia, Clemens","de Monelia, Clemens",,3,3,90
"Philetus, Franciscus","Philetus, Franciscus",,3,3,90
John Cassian,John Cassian,,2,2,78
"Basa, Dominicus","Basa, Dominicus",,2,2,78
Eufrosina Leona,Eufrosina Leona,,1,1,91
John Climacus,John Climacus,,1,1,91
"Cattani da Diacceto, Francesco","Cattani da Diacceto, Francesco",,4,4,70
"Neri, Tommaso","Neri, Tommaso",,4,4,70
Alexander Sauli,Alexander Sauli,,2,2,70
Pietro Paolo Filippi,Pietro Paolo Filippi,,4,4,4
Hendrik Herp,Hendrik Herp,,4,4,4
Bruno Loher,Bruno Loher,,4,4,4
"Fernando Álvarez de Toledo, 3rd Duke of Alba","Fernando Álvarez de Toledo, 3rd Duke of Alba",,3,3,118
Joos de Damhouder,Joos de Damhouder,,3,3,118
Leonardo Legge,Leonardo Legge,,7,7,118
"Bellanda, Cornelio","Bellanda, Cornelio",,2,2,92
"Bini, Luigi","Bini, Luigi",,2,2,92
"Tiepolo, Paolo","Tiepolo, Paolo",,2,2,92
"Cotta, Francesco","Cotta, Francesco",,3,3,39
"Oradini, Lucio Nonio","Oradini, Lucio Nonio",,3,3,39
"Polti, Antonio","Polti, Antonio",,3,3,39
Bernardino Rocca,Bernardino Rocca,,1,1,93
Marius a Mercato Saraceno,Marius a Mercato Saraceno,,1,1,93
Giovanni Antonio Bovio,Giovanni Antonio Bovio,,7,7,27
Gregorio Comanini,Gregorio Comanini,,7,7,27
"Dandolo, Girolamo","Dandolo, Girolamo",,7,7,27
"Giolito de Ferrari, Giovanni","Giolito de Ferrari, Giovanni",,7,7,27
"Gonzaga, Ferrante II","Gonzaga, Ferrante II",,7,7,27
"Mazzoni, Ambrosius","Mazzoni, Ambrosius",,7,7,27
"Capivinius, Franciscus","Capivinius, Franciscus",,2,2,39
"Londanus, Nicolaus","Londanus, Nicolaus",,2,2,39
"Blanchus, Ludovicus","Blanchus, Ludovicus",,1,1,94
Marcantonio Natta,Marcantonio Natta,,1,1,94
"Bevilacqua, Mario","Bevilacqua, Mario",,1,1,95
"Policreti, Giuseppe","Policreti, Giuseppe",,1,1,95
Catharina Genuensis,Catharina Genuensis,,3,3,96
"Fieravanti, Maria Maddalena","Fieravanti, Maria Maddalena",,3,3,96
Iacopo Giunta,Iacopo Giunta,,3,3,96
Cattaneo Marabotto,Cattaneo Marabotto,,3,3,96
Francisco de Osuna,Francisco de Osuna,,8,8,4
"Wessen, Matthias","Wessen, Matthias",,1,1,4
"Folperto, Giovanni Paolo","Folperto, Giovanni Paolo",,3,3,78
"Fontana de' Conti, Giovanni Battista","Fontana de' Conti, Giovanni Battista",,3,3,78
Paola Antonia Negri,Paola Antonia Negri,,3,3,78
"Colonna, Marcantonio II","Colonna, Marcantonio II",,1,1,39
"Carafa, Alfonso","Carafa, Alfonso",,5,5,2
"Firmani, Annibale","Firmani, Annibale",,3,3,2
Galen,Galen,,9,9,2
"Bianchi, Filippo","Bianchi, Filippo",,3,3,2
"Contarini, Federico","Contarini, Federico",,6,6,97
Donato,Donato,,6,6,97
"Glisenti, Fabio","Glisenti, Fabio",,6,6,97
"Glisenti, Glissentia","Glisenti, Glissentia",,6,6,97
Sebastiano Paride Lodron,Sebastiano Paride Lodron,,6,6,97
"Soranzo, Camilla","Soranzo, Camilla",,6,6,97
"Zorzi, Marino","Zorzi, Marino",,6,6,97
"Longhi, Urbano.","Longhi, Urbano.",,2,2,98
"dal Pozzo, Carlo Antonio","dal Pozzo, Carlo Antonio",,2,2,99
"Mazzoli, Vincenzo","Mazzoli, Vincenzo",,2,2,99
Bonsignore Cacciaguerra,Bonsignore Cacciaguerra,,1,1,84
Lorenzo Davidico,Lorenzo Davidico,,2,2,117
"Planta, Augustino","Planta, Augustino",,2,2,117
Alanus de Rupe,Alanus de Rupe,,11,11,100
Denis the Carthusian,Denis the Carthusian,,12,12,100
"Giolita de Ferrari, Fenice","Giolita de Ferrari, Fenice",,11,11,100
Gabriele Giolito de' Ferrari,Gabriele Giolito de' Ferrari,,11,11,100
"Gonzaga, Bonaventura","Gonzaga, Bonaventura",,11,11,100
Joannes Tauler,Joannes Tauler,,11,11,100
"Mariabonna, Giacomo","Mariabonna, Giacomo",,11,11,100
Bernardino Scardeone,Bernardino Scardeone,,11,11,100
"Ulstio, Antonio","Ulstio, Antonio",,11,11,100
Orazio Luzi,Orazio Luzi,,1,1,106
Gratianus,Gratianus,,2,2,78
Martin of Opava,Martin of Opava,,2,2,78
Bonifatius VIII,Bonifatius VIII,,2,2,101
Clemens V,Clemens V,,3,3,101
Joannes XXII,Joannes XXII,,3,3,101
Bartolomeo Fumo,Bartolomeo Fumo,,5,5,102
Catalano Trivulzio,Catalano Trivulzio,,5,5,102
"Alberti, Mattia","Alberti, Mattia",,2,2,40
"Buonaccolti, Vito","Buonaccolti, Vito",,2,2,40
"Landi, Constantius","Landi, Constantius",,5,5,102
"Azellius, Gabriel","Azellius, Gabriel",,5,5,102
"Reyninus, Stephanus","Reyninus, Stephanus",,5,5,102
Antonio Sacromoro,Antonio Sacromoro,,5,5,102
"Cesi, Federico","Cesi, Federico",,1,1,103
Girolamo Giganti,Girolamo Giganti,,8,8,103
"Accolti, Benedetto","Accolti, Benedetto",,2,2,103
"Podianus, Marius","Podianus, Marius",,2,2,103
"della Rovere, Giulio","della Rovere, Giulio",,19,19,4
Giovanni Cagnazzo,Giovanni Cagnazzo,,2,2,118
"Balaucus, Francischinus","Balaucus, Francischinus",,3,3,104
"d'Angelo, Bartolomeo","d'Angelo, Bartolomeo",,3,3,104
"de Afflicto, Joannes Hieronymus","de Afflicto, Joannes Hieronymus",,3,3,104
"de Aquino, Aloysius","de Aquino, Aloysius",,3,3,104
Paolo Granucci,Paolo Granucci,,3,3,105
"Ursinus, Laelius","Ursinus, Laelius",,3,3,105
"Veralli, Paolo Emilio","Veralli, Paolo Emilio",,3,3,105
Juan Bernal Díaz de Luco,Juan Bernal Díaz de Luco,,4,4,4
Marcantonio Bianchi,Marcantonio Bianchi,,3,3,106
"Bianchi, Domenico","Bianchi, Domenico",,3,3,106
"Pasinus, Othonellus","Pasinus, Othonellus",,3,3,106
"de Battandier, Claudius","de Battandier, Claudius",,1,1,107
"de Savoie, Jacques","de Savoie, Jacques",,1,1,107
Bernardo Rateño,Bernardo Rateño,,3,3,114
"de Comite, Joannes Antonius","de Comite, Joannes Antonius",,3,3,114
"Anselonius, Paulus","Anselonius, Paulus",,5,5,108
Luigi Antonio Di Maria,Luigi Antonio Di Maria,,5,5,108
Pietro Follerio,Pietro Follerio,,5,5,108
"Marescalchus, Joannes Simon","Marescalchus, Joannes Simon",,5,5,108
Francesco Antonio Monaco,Francesco Antonio Monaco,,5,5,108
"Pignone, Marcello","Pignone, Marcello",,5,5,108
"Arcutius, Joannes Baptista","Arcutius, Joannes Baptista",,6,6,78
Giovanni Battista Cicala,Giovanni Battista Cicala,,6,6,78
"Contardi, Cesare","Contardi, Cesare",,6,6,78
Guglielmo Redoano,Guglielmo Redoano,,14,14,78
"Rinarola, Obertus","Rinarola, Obertus",,6,6,78
"Rocchetta, Augustinus","Rocchetta, Augustinus",,6,6,78
"Sarnus, Claudius","Sarnus, Claudius",,6,6,78
"Borromeo, Federico","Borromeo, Federico",,1,1,109
Giovanni Pietro Moneta,Giovanni Pietro Moneta,,1,1,109
Pierre Rebuffi,Pierre Rebuffi,,4,4,110
Girolamo Verallo,Girolamo Verallo,,4,4,110
"Boier, P.","Boier, P.",,4,4,110
"de Monceaux, Carolus","de Monceaux, Carolus",,4,4,110
"de Saleron, François.","de Saleron, François.",,4,4,110
Camillo Caetano,Camillo Caetano,,1,1,111
"Pereyra, Bento","Pereyra, Bento",,1,1,111
Jean Gerson,Jean Gerson,,3,3,114
"Peña, Francisco","Peña, Francisco",,4,4,114
"Calderinus, Nicolaus","Calderinus, Nicolaus",,5,5,78
"Manfredi, Girolamo","Manfredi, Girolamo",,6,6,78
Fabio Mirto Frangipani,Fabio Mirto Frangipani,,5,5,78
"Rugerio, Baldassari","Rugerio, Baldassari",,5,5,78
"Annibaldi, Matteo","Annibaldi, Matteo",,4,4,39
Camillo Campeggi,Camillo Campeggi,,4,4,39
"Rigatius, Joannes Antonius","Rigatius, Joannes Antonius",,4,4,39
"Ugolini, Zanchino","Ugolini, Zanchino",,4,4,39
Urbanus VII,Urbanus VII,,3,3,112
"Galassus, Silvius","Galassus, Silvius",,3,3,112
Quintiliano Mandosi,Quintiliano Mandosi,,3,3,112
Pietro Vendramin,Pietro Vendramin,,4,4,112
"de Quiñones, Claudio Hernández","de Quiñones, Claudio Hernández",,2,2,117
Antonio Minturno,Antonio Minturno,,3,3,117
Giovanni Morone,Giovanni Morone,,4,4,117
Pietro Galesini,Pietro Galesini,,1,1,27
"Salsi, Serafino","Salsi, Serafino",,1,1,4
"Cignarca, Bonaventura","Cignarca, Bonaventura",,1,1,40
Margrave Andrew of Burgau,Margrave Andrew of Burgau,,1,1,113
Giovanni Battista de'Cavalieri,Giovanni Battista de'Cavalieri,,1,1,113
Luca,Luca,,2,2,118
"Raesius, Lucas","Raesius, Lucas",,2,2,118
"Beffa, Antonius","Beffa, Antonius",,28,28,2
"Caietanus, Ludovicus","Caietanus, Ludovicus",,10,10,114
"dell'Uva, Germanus","dell'Uva, Germanus",,10,10,114
"Gonzaga, Bianca","Gonzaga, Bianca",,10,10,114
"Longhena, Honoratus","Longhena, Honoratus",,10,10,114
"Malassis, Paulus","Malassis, Paulus",,10,10,114
"Malombra, Ludovicus","Malombra, Ludovicus",,10,10,114
"Sylvano, Paulus","Sylvano, Paulus",,10,10,114
Arnoldo Wion,Arnoldo Wion,,10,10,114
"Zanetti, Bonifacio","Zanetti, Bonifacio",,10,10,114
Francisco,Francisco,,6,6,4
"Benalio, Leonardo","Benalio, Leonardo",,6,6,4
"De Cristiani, Nicola","De Cristiani, Nicola",,6,6,4
"Passarello, Gaspare","Passarello, Gaspare",,6,6,4
Marcos de Lisboa,Marcos de Lisboa,,5,5,4
"de Sosa, Felipe","de Sosa, Felipe",,4,4,4
Orazio Diola,Orazio Diola,,5,5,4
Maffio Venier,Maffio Venier,,4,4,4
"Arimondo, Andrea","Arimondo, Andrea",,1,1,85
John Juvenal Ancina,John Juvenal Ancina,,5,5,78
Caesar Baronius,Caesar Baronius,,7,7,78
"Lindanus, Wilhelmus Damasus","Lindanus, Wilhelmus Damasus",,5,5,78
"Gonzaga, Ferrante I","Gonzaga, Ferrante I",,6,6,27
"Carabelli, Antonius Marius","Carabelli, Antonius Marius",,6,6,27
"Gherardi, Ubaldo","Gherardi, Ubaldo",,6,6,27
"Vendramini, Joannes","Vendramini, Joannes",,6,6,27
"Farnese, Ottavio","Farnese, Ottavio",,6,6,40
Papirio Picedi,Papirio Picedi,,2,2,40
"Fedele, Baldassarre","Fedele, Baldassarre",,1,1,40
"Bagatta, Raffaello","Bagatta, Raffaello",,2,2,85
Emmanuel Philibert,Emmanuel Philibert,,8,8,70
Giovanni Filoteo Achillini,Giovanni Filoteo Achillini,,7,7,70
"da Bologna, Vincenzo","da Bologna, Vincenzo",,7,7,70
"de' Medici, Catherine","de' Medici, Catherine",,8,8,70
Thomas à Kempis,Thomas à Kempis,,1,1,115
Vincent Ferrer,Vincent Ferrer,,1,1,115
Alfonso de Torres,Alfonso de Torres,,2,2,78
"Bosio, Evangelista","Bosio, Evangelista",,1,1,116
Gregorio Petrocchini,Gregorio Petrocchini,,1,1,116
Innocentius IX,Innocentius IX,,10,10,117
Tommaso Bozio,Tommaso Bozio,,4,4,117
Gabriele Paleotti,Gabriele Paleotti,,4,4,117
Bernardo di Montmirat,Bernardo di Montmirat,,6,6,99
Bernardus Compostellanus Antiquus,Bernardus Compostellanus Antiquus,,6,6,99
Giovanni da Capistrano,Giovanni da Capistrano,,6,6,99
"de Crevant, Antoine","de Crevant, Antoine",,6,6,99
Guy Pape,Guy Pape,,6,6,99
"Thierry, Joannes","Thierry, Joannes",,6,6,99
Joannes Andreae,Joannes Andreae,,1,1,112
Bernard of Botone,Bernard of Botone,,6,6,118
Raymond of Penyafort,Raymond of Penyafort,,3,3,118
"Bolognini, Ludovico","Bolognini, Ludovico",,3,3,118
Gregorius IX,Gregorius IX,,3,3,118
Accursius,Accursius,,5,5,117
Henry of Segusio,Henry of Segusio,,5,5,117
Martino del Cassero,Martino del Cassero,,5,5,117
Azo of Bologna,Azo of Bologna,,5,5,117
Johannes C. Fichard,Johannes C. Fichard,,11,11,117
Niccolò Soranzo,Niccolò Soranzo,,5,5,117
"Amadi, Antonius Maria","Amadi, Antonius Maria",,4,4,117
"Benincasa, Cornelio","Benincasa, Cornelio",,4,4,117
"Dalla Porta, Alberto","Dalla Porta, Alberto",,3,3,78
Pietro Antonio Pietra,Pietro Antonio Pietra,,3,3,78
"Ricardo, Jacobus","Ricardo, Jacobus",,3,3,78
"Orlandi, Antonio","Orlandi, Antonio",,5,5,78
"Redoano, Francesco.","Redoano, Francesco.",,5,5,78
"Redoano, Giovanni.","Redoano, Giovanni.",,5,5,78
"Villa, Ludovicus","Villa, Ludovicus",,5,5,78
Giovanni Battista Asini,Giovanni Battista Asini,,2,2,4
"de' Medici, Giovanni","de' Medici, Giovanni",,2,2,4
Jean Gradi,Jean Gradi,,6,6,117
Felino Maria Sandeo,Felino Maria Sandeo,,6,6,117
"Simoneta, Philippus","Simoneta, Philippus",,6,6,117
"Sole, Brunoro","Sole, Brunoro",,6,6,117
Benedetto Vadi,Benedetto Vadi,,6,6,117
Nicola Antonio Gravazio,Nicola Antonio Gravazio,,3,3,62
"Aldobrandini, Silvestro","Aldobrandini, Silvestro",,4,4,103
"Corti, Franceschino","Corti, Franceschino",,4,4,103
Filippo Decio,Filippo Decio,,4,4,103
Teodoro Medda,Teodoro Medda,,4,4,103
Giovanni Battista Adriani,Giovanni Battista Adriani,,2,2,82
Marcello Adriani,Marcello Adriani,,2,2,82
Bartolomeo Marliani,Bartolomeo Marliani,,2,2,117
Antonio Agustín y Albanell,Antonio Agustín y Albanell,,5,5,70
"Panthagatus, Octavius","Panthagatus, Octavius",,5,5,70
Benedetto Egio,Benedetto Egio,,5,5,70
Gabriele Faerno,Gabriele Faerno,,5,5,70
"Maffei, Achilles","Maffei, Achilles",,2,2,70
Annibale Caro,Annibale Caro,,2,2,70
Carolus Sigonius,Carolus Sigonius,,3,4,70
Giovita Ravizza,Giovita Ravizza,,1,1,117
"de Pérac, Etienne","de Pérac, Etienne",,2,2,27
Pietro Giustiniani,Pietro Giustiniani,,4,4,119
"Mocenigo, Alvise I","Mocenigo, Alvise I",,4,4,119
"Parthenius, Bernardinus","Parthenius, Bernardinus",,4,4,119
"Priuli, Girolamo","Priuli, Girolamo",,4,4,119
"Ricci, Dante","Ricci, Dante",,4,4,119
Tommaso Fazello,Tommaso Fazello,,2,2,2
"Camerani, Francisco","Camerani, Francisco",,18,18,4
"Carrarius, Vincentius","Carrarius, Vincentius",,18,18,4
"Corelli, Francisco","Corelli, Francisco",,18,18,4
"Fusconi, Alexander","Fusconi, Alexander",,18,18,4
"Giardini, Bruno","Giardini, Bruno",,18,18,4
"Granelli, Marco Antonio","Granelli, Marco Antonio",,18,18,4
"Loti, Stephanus","Loti, Stephanus",,18,18,4
"Maioli, Giovanni Maria","Maioli, Giovanni Maria",,18,18,4
"Moni, Donatus","Moni, Donatus",,18,18,4
"Morisi, Julio","Morisi, Julio",,18,18,4
"Placidi, Constantius","Placidi, Constantius",,18,18,4
Paolo Ramusio,Paolo Ramusio,,18,18,4
"Rosci, Joannes Galeatius","Rosci, Joannes Galeatius",,18,18,4
"Rossi, Girolamo","Rossi, Girolamo",,18,18,4
"Tuscanella, Horatius","Tuscanella, Horatius",,18,18,4
"Zalamella, Pandulfus","Zalamella, Pandulfus",,18,18,4
"Doria, Giovanni Andrea","Doria, Giovanni Andrea",,2,2,120
Paolo Foglietta,Paolo Foglietta,,2,2,120
Oberto Foglietta,Oberto Foglietta,,2,2,120
"Baro, Joannes","Baro, Joannes",,2,2,62
Michael of Ephesus,Michael of Ephesus,,2,2,2
Porphyrius,Porphyrius,,10,10,2
Piero Vettori,Piero Vettori,,5,5,2
"Bardi, Giovanni","Bardi, Giovanni",,1,1,121
"Galilei, Vincenzo","Galilei, Vincenzo",,1,1,121
Vincenzo Diedo,Vincenzo Diedo,,2,2,62
Gioseffo Zarlino,Gioseffo Zarlino,,4,4,62
"d'Este, Leonora","d'Este, Leonora",,2,2,62
Leon Battista Alberti,Leon Battista Alberti,,2,2,40
Cosimo Bartoli,Cosimo Bartoli,,2,2,40
"de Barros, Joao","de Barros, Joao",,3,3,78
"Guinti, Tommaso","Guinti, Tommaso",,7,7,78
Giovanni Battista Ramusio,Giovanni Battista Ramusio,,5,5,78
"Het'owm, Patmich'","Het'owm, Patmich'",,4,4,78
"Polo, Marco.","Polo, Marco.",,4,4,78
Tommaso Baglioni,Tommaso Baglioni,,2,2,122
Giovanni Battista Belluzzi,Giovanni Battista Belluzzi,,2,2,122
"von Hanau-Münzenberg, Philip Ludwig II","von Hanau-Münzenberg, Philip Ludwig II",,2,2,122
"Maggi, Girolamo","Maggi, Girolamo",,4,4,33
"Fusti, Jacopo","Fusti, Jacopo",,4,4,33
Francesco Montemelini,Francesco Montemelini,,4,4,33
Giovacchino da Coniano,Giovacchino da Coniano,,4,4,33
Pedro Mota,Pedro Mota,,1,1,0
Giovanni Battista Bagolino,Giovanni Battista Bagolino,,8,8,2
Giovanni Bernardino Feliciano,Giovanni Bernardino Feliciano,,8,8,2
Gersonides,Gersonides,,8,8,2
Bernardo Salviati,Bernardo Salviati,,8,8,2
Theophrastus,Theophrastus,,8,8,2
"Prato, Ludovicus","Prato, Ludovicus",,3,3,2
"Zimara, Teofilo","Zimara, Teofilo",,3,3,2
"Costanzo, Scipio","Costanzo, Scipio",,2,2,0
"Pighinus, Sebastianus","Pighinus, Sebastianus",,7,7,78
"Bentivoglio, Cornelio","Bentivoglio, Cornelio",,3,3,40
Giovanni Fabrini,Giovanni Fabrini,,3,3,40
"Malepieri, Andrea","Malepieri, Andrea",,3,3,40
Domizio Calderini,Domizio Calderini,,8,8,162
"De' Medici, Lorenzo","De' Medici, Lorenzo",,4,4,162
"Gonzaga, Gianfrancesco","Gonzaga, Gianfrancesco",,4,4,162
Martial,Martial,,4,4,162
Vitruvius,Vitruvius,,2,2,62
Jacobus Bononiensis,Jacobus Bononiensis,,18,18,63
Helenius Acron,Helenius Acron,,18,18,63
Jodocus Badius,Jodocus Badius,,23,23,0
Matteo Bonfini,Matteo Bonfini,,18,18,63
Crinitus,Crinitus,,18,18,63
Heinrich Glarean,Heinrich Glarean,,18,18,63
Antonio Mancinelli,Antonio Mancinelli,,18,18,63
Janus Parrhasius,Janus Parrhasius,,18,18,63
Niccolò Perotti,Niccolò Perotti,,18,18,63
Giovan Battista Pio,Giovan Battista Pio,,18,18,63
Pomponius Porphyrion,Pomponius Porphyrion,,18,18,63
Caelius Rhodiginus,Caelius Rhodiginus,,18,18,63
Marcus Antonius Coccius Sabellicus,Marcus Antonius Coccius Sabellicus,,18,18,63
Antonio Telesio,Antonio Telesio,,18,18,63
"Villagut, Alfonso","Villagut, Alfonso",,1,1,40
Bartolomeo Ugolini,Bartolomeo Ugolini,,1,1,4
San Telmo,San Telmo,,3,3,39
"Fugger, Markus","Fugger, Markus",,4,4,123
"Ilsung, Christoph","Ilsung, Christoph",,4,4,123
"Mair, Alexander","Mair, Alexander",,4,4,123
"Welser, Johannes","Welser, Johannes",,4,4,123
Markus Welser,Markus Welser,,4,4,123
"Delphinus, Joannes Antonius","Delphinus, Joannes Antonius",,1,1,40
"d'Este, Ippolito II","d'Este, Ippolito II",,4,4,78
"Fantocci, Ippolito","Fantocci, Ippolito",,3,3,78
"Malafossa, Giacobino","Malafossa, Giacobino",,3,3,78
"Severius, Nicolaus","Severius, Nicolaus",,3,3,78
Henry VIII,Henry VIII,,1,1,117
"Crescenzi, Marcello","Crescenzi, Marcello",,5,5,78
Francisco Mendoza de Bobadilla,Francisco Mendoza de Bobadilla,,5,5,78
Gerardo da Siena,Gerardo da Siena,,6,6,124
Sante da Rimini,Sante da Rimini,,4,4,124
"Mylius, Joannes","Mylius, Joannes",,4,4,124
"Portenari, Angelo","Portenari, Angelo",,4,4,124
"Terzi, Maurizio","Terzi, Maurizio",,2,2,124
Carlo Montigli,Carlo Montigli,,2,2,124
Alvarus Pelagius,Alvarus Pelagius,,3,3,117
"de Toledo, Aloysio","de Toledo, Aloysio",,3,3,117
Johannes Trithemius,Johannes Trithemius,,5,5,117
Christoforo da Padova,Christoforo da Padova,,4,4,39
"Brazzolato, Simon","Brazzolato, Simon",,4,4,39
Andreas Dudith,Andreas Dudith,,4,4,39
"Cranevelt, Franciscus","Cranevelt, Franciscus",,1,1,100
Gil Álvarez Carrillo de Albornoz,Gil Álvarez Carrillo de Albornoz,,2,2,90
"Cavallini, Gaspare","Cavallini, Gaspare",,2,2,90
"Amaltheus, Julius","Amaltheus, Julius",,2,2,78
"Contarenus, Franciscus","Contarenus, Franciscus",,2,2,78
Filippo Mocenigo,Filippo Mocenigo,,1,1,78
Panormitanus,Panormitanus,,5,5,118
"Duchâtel, Pierre","Duchâtel, Pierre",,2,2,70
Francesco Vimercato,Francesco Vimercato,,2,2,70
"Ciccarelli, Antonio","Ciccarelli, Antonio",,3,3,33
"Costabili, Paolo","Costabili, Paolo",,3,3,33
Archimedes,Archimedes,,4,4,40
Eutocius of Ascalon,Eutocius of Ascalon,,4,4,40
"Cillenio, Domenico","Cillenio, Domenico",,1,1,70
Alfonso d'Avalos,Alfonso d'Avalos,,2,2,125
"Livius, Titus","Livius, Titus",,2,2,125
Jacopo Nardi,Jacopo Nardi,,2,2,125
"Münster, Sebastian","Münster, Sebastian",,3,3,40
Willibald Pirckheimer,Willibald Pirckheimer,,3,3,40
Philippe von Gundelsheim,Philippe von Gundelsheim,,3,3,40
Martino Gigli,Martino Gigli,,2,2,33
Antonio Boccapaduli,Antonio Boccapaduli,,2,2,33
Ortensio Battisti,Ortensio Battisti,,1,1,126
"Farnese, Odoardo","Farnese, Odoardo",,1,1,126
Giovanni Nicolò Doglioni,Giovanni Nicolò Doglioni,,1,1,127
Giovanni Battista Castelli,Giovanni Battista Castelli,,1,1,127
"Palatino, Giovambattista","Palatino, Giovambattista",,1,1,128
"de Lénoncourt, Robert","de Lénoncourt, Robert",,1,1,128
"Carbone da Costacciaro, Lodovico","Carbone da Costacciaro, Lodovico",,1,1,129
"Sfortia, Mutius","Sfortia, Mutius",,1,1,129
Catullus,Catullus,,2,2,130
Muretus,Muretus,,2,2,130
"Loredano, Bernardino","Loredano, Bernardino",,2,2,130
Hentenius,Hentenius,,1,1,100
Sixtus of Siena,Sixtus of Siena,,1,1,39
"Badalucchi, Scipio","Badalucchi, Scipio",,2,2,117
Juan de Atienza,Juan de Atienza,,8,8,98
Teotónio de Bragança,Teotónio de Bragança,,8,8,98
"Diaz, Pedro","Diaz, Pedro",,8,8,98
"Martins, Petrus","Martins, Petrus",,8,8,98
"Perez, Martin","Perez, Martin",,8,8,98
"Quintavalle, Pietro Paulo","Quintavalle, Pietro Paulo",,2,2,114
Cornelio Musso,Cornelio Musso,,2,2,70
"Musso, Giuseppe","Musso, Giuseppe",,2,2,70
"dall'Agocchie, Giovanni","dall'Agocchie, Giovanni",,1,1,2
"Ridolfi, Petrus","Ridolfi, Petrus",,2,2,4
Giovanni Ballaini,Giovanni Ballaini,,5,6,4
"Agricola, Philippus","Agricola, Philippus",,1,1,131
"Wild, Johann","Wild, Johann",,1,1,131
Antonius a Konygsteyn,Antonius a Konygsteyn,,1,1,132
Wilhelm V,Wilhelm V,,1,1,132
"Sabellius, Camillus","Sabellius, Camillus",,2,2,78
"Valadés, Diego","Valadés, Diego",,2,2,78
Francis of Assisi,Francis of Assisi,,1,1,133
Jacobus de Grumello,Jacobus de Grumello,,1,1,133
"de Cordoba, Antonio","de Cordoba, Antonio",,1,1,134
"Forest, John","Forest, John",,1,1,135
Angelo Galioto,Angelo Galioto,,1,1,135
Ireneo Brasavola,Ireneo Brasavola,,3,3,40
"Rishtonius, Edouardus","Rishtonius, Edouardus",,1,1,4
"Bartelon, Pantaléon","Bartelon, Pantaléon",,1,1,136
"Despauterius, Joannes","Despauterius, Joannes",,1,1,136
Ramon Llull,Ramon Llull,,6,6,39
Arnaldus de Villa Nova,Arnaldus de Villa Nova,,6,6,39
"Lacinius, Janus T.","Lacinius, Janus T.",,6,6,39
Abu Bakr al-Razi,Abu Bakr al-Razi,,6,6,39
Michael Scot,Michael Scot,,6,6,39
"de Casarubios, Alfonso","de Casarubios, Alfonso",,6,6,39
Michelangelo,Michelangelo,,1,1,137
Camillo Agrippa,Camillo Agrippa,,2,2,137
"de Benavides, Roderigo","de Benavides, Roderigo",,1,1,138
"de Mérode, Richard","de Mérode, Richard",,1,1,138
"Maillardi, Petri","Maillardi, Petri",,1,1,137
"Socini, Mariano","Socini, Mariano",,1,1,70
Baldovino del Monte,Baldovino del Monte,,2,2,139
"Massa, Antonio","Massa, Antonio",,2,2,139
"Stellino, Aurelio","Stellino, Aurelio",,2,2,139
"Fernández de Córdoba, Gonzalo","Fernández de Córdoba, Gonzalo",,1,1,140
"Pagano, Marco Antonio","Pagano, Marco Antonio",,1,1,140
"Albergati, Fabio","Albergati, Fabio",,1,1,141
"Boncompagni, Giacomo","Boncompagni, Giacomo",,2,2,141
"d'Este, Lucrezia","d'Este, Lucrezia",,1,1,142
Annibale Romei,Annibale Romei,,1,1,142
"Vizzani Dal Montone, Angelo","Vizzani Dal Montone, Angelo",,1,1,143
"Malvezzi, Pirro","Malvezzi, Pirro",,1,1,143
"Spezioli, Mercurio","Spezioli, Mercurio",,1,1,141
"De Urrea, Jerónimo","De Urrea, Jerónimo",,1,1,67
Eustachio Celebrino,Eustachio Celebrino,,1,1,144
Paride del Pozzo,Paride del Pozzo,,1,1,144
Poggio Bracciolini,Poggio Bracciolini,,1,1,78
"Beckenhaub, Johann","Beckenhaub, Johann",,2,2,39
"Molenfelt, Martin","Molenfelt, Martin",,4,4,4
"Peretti de Montealto, Felice","Peretti de Montealto, Felice",,3,3,4
Pliny the Elder,Pliny the Elder,,2,2,2
Luca Pulci,Luca Pulci,,1,1,2
Teresa de Jesús,Teresa de Jesús,,3,3,4
"de Ribera, Francisco","de Ribera, Francisco",,3,3,4
"Auria, Giuseppe","Auria, Giuseppe",,3,3,145
Autolycus of Pitane,Autolycus of Pitane,,3,3,145
Francesco Maurolico,Francesco Maurolico,,3,3,145
Theodosius Tripolitanus.,Theodosius Tripolitanus.,,3,3,145
Augustinus Justinianus,Augustinus Justinianus,,2,2,85
Aeneas of Gaza,Aeneas of Gaza,,2,2,85
"Manutius, Aldus II","Manutius, Aldus II",,2,2,117
Theodorus Gazaeus,Theodorus Gazaeus,,2,2,36
"Foscarini, Jacopo","Foscarini, Jacopo",,3,3,146
Georgios Pachymeres,Georgios Pachymeres,,3,3,146
Michael Psellos,Michael Psellos,,3,3,146
Nicephorus,Nicephorus,,3,3,146
Mathew Devaris,Mathew Devaris,,1,1,70
Giovanni Andrea Cortese O.S.B.,Giovanni Andrea Cortese O.S.B.,,2,2,78
Joannes Damascenus,Joannes Damascenus,,3,3,147
Joannes Hierosolymitanus,Joannes Hierosolymitanus,,3,3,147
"Majoranus, Nicolaus","Majoranus, Nicolaus",,3,3,147
Theodore the Studite,Theodore the Studite,,3,3,147
Thomas Linacre,Thomas Linacre,,1,1,2
Hippocrates,Hippocrates,,5,5,2
"Copus, Guilielmus.","Copus, Guilielmus.",,7,7,2
"Brentius, Antonius.","Brentius, Antonius.",,5,5,2
"Laskaris, Kōnstantinos","Laskaris, Kōnstantinos",,5,5,2
Paul of Aegina,Paul of Aegina,,2,2,2
Antonio Francini,Antonio Francini,,1,1,148
Lucianus Samosatensis Satiricus.,Lucianus Samosatensis Satiricus.,,1,1,148
"Cato, Marcus Porcius","Cato, Marcus Porcius",,3,3,149
Columella,Columella,,3,3,149
Rutilius Taurus Aemilianus Palladius,Rutilius Taurus Aemilianus Palladius,,3,3,149
Marcus Terentius Varro,Marcus Terentius Varro,,3,3,149
"Capitolinus, Julius.","Capitolinus, Julius.",,7,7,162
Giambattista Egnazio,Giambattista Egnazio,,7,7,162
"Gallicanus, Vulcatius","Gallicanus, Vulcatius",,7,7,162
"Lampridius, Aelius.","Lampridius, Aelius.",,7,7,162
"Spartianus, Aelius.","Spartianus, Aelius.",,7,7,162
Trebellius Pollio.,Trebellius Pollio.,,7,7,162
"Vopiscus, Flavius.","Vopiscus, Flavius.",,7,7,162
Marcus Porcius Latro,Marcus Porcius Latro,,2,2,40
Sallust,Sallust,,2,2,40
Jacopo Grifoli,Jacopo Grifoli,,2,2,40
Avienus,Avienus,,1,1,150
Dionysius,Dionysius,,1,1,150
"Barbarus, Hermolaus","Barbarus, Hermolaus",,5,5,2
Pomponius Mela,Pomponius Mela,,1,1,2
Bede,Bede,,4,4,0
Demetrius Alabaldus,Demetrius Alabaldus,,4,4,0
Petrus Diaconus.,Petrus Diaconus.,,4,4,0
Phlegon of Tralles,Phlegon of Tralles,,4,4,0
Marcus Valerius Probus,Marcus Valerius Probus,,9,9,0
"Budé, Guillaume","Budé, Guillaume",,1,1,151
"Gualandi, Giovanni Bernardo","Gualandi, Giovanni Bernardo",,1,1,151
Prospero Borgarucci,Prospero Borgarucci,,1,1,152
Andreas Vesalius,Andreas Vesalius,,1,1,152
Giulio Poggiani,Giulio Poggiani,,1,1,117
"Guido, Desiderius","Guido, Desiderius",,2,2,4
Ignacio López de Salcedo,Ignacio López de Salcedo,,2,2,4
Flavius Caper,Flavius Caper,,6,6,0
Diomedes,Diomedes,,6,6,0
Aelius Donatus,Aelius Donatus,,6,6,0
Phocas.,Phocas.,,6,6,0
Priscian,Priscian,,6,6,0
Sergius Grammaticus,Sergius Grammaticus,,6,6,0
Servius,Servius,,11,11,0
Aphthonius.,Aphthonius.,,2,2,153
Sopater,Sopater,,2,2,153
Themistius,Themistius,,3,3,2
"Donato, Girolamo","Donato, Girolamo",,3,3,2
Basil of Caesarea,Basil of Caesarea,,1,1,14
Bonifacius VIII,Bonifacius VIII,,2,2,101
"Barbo, Paolo","Barbo, Paolo",,4,4,2
Telesforo da Cosenza,Telesforo da Cosenza,,3,3,40
Ubertino of Casale,Ubertino of Casale,,3,3,40
"de Paris, Jean","de Paris, Jean",,3,3,40
"Borgia, Francisco","Borgia, Francisco",,1,1,154
Andreas Schott,Andreas Schott,,2,2,154
Pedro de Ribadeneira,Pedro de Ribadeneira,,1,1,154
Joseph Justus Scaliger,Joseph Justus Scaliger,,1,1,33
Pierre Busée,Pierre Busée,,1,1,155
Peter Canisius,Peter Canisius,,1,1,155
"Bassi, Antonio Maria","Bassi, Antonio Maria",,2,2,0
Nicolaus Erythraeus,Nicolaus Erythraeus,,2,2,0
Virgil,Virgil,,7,7,0
Cipriano Uberti,Cipriano Uberti,,1,1,4
Francesco Alunno,Francesco Alunno,,2,2,40
Cesare Calderino Mirani,Cesare Calderino Mirani,,2,2,40
"Vives, Juan Luis (1492-1540)","Vives, Juan Luis (1492-1540)",,1,1,0
Giovanni Domenico Zucchinetti,Giovanni Domenico Zucchinetti,,1,1,27
"Beroaldo, Filippo","Beroaldo, Filippo",,1,1,156
Tacitus,Tacitus,,1,1,156
"Manuzio, Paolo","Manuzio, Paolo",,3,3,4
Franciscus Schott,Franciscus Schott,,1,1,157
"Héron, d'Alexandrie","Héron, d'Alexandrie",,1,1,158
"Giorgi, Alessandro","Giorgi, Alessandro",,1,1,158
Diogenes Laërtius,Diogenes Laërtius,,4,4,2
"O'Fihely, Maurice","O'Fihely, Maurice",,13,13,4
Jacopo Filippo Pellenegra,Jacopo Filippo Pellenegra,,4,4,2
Niccolò da Guglionesi.,Niccolò da Guglionesi.,,1,1,3
"Motta, Pedro","Motta, Pedro",,1,1,0
Lorenzo da Brescia,Lorenzo da Brescia,,6,6,4
"Sirect, Antoine","Sirect, Antoine",,6,6,4
Antonio Trombetta,Antonio Trombetta,,6,6,4
Jacopo Sannazaro,Jacopo Sannazaro,,2,3,159
Borgaruccio Borgarucci,Borgaruccio Borgarucci,,2,3,159
Tommaso Porcacchi,Tommaso Porcacchi,,2,2,159
Giovanni Battista Campeggi,Giovanni Battista Campeggi,,1,1,160
Jean Garet,Jean Garet,,1,1,160
"Gamerius, Hannardus","Gamerius, Hannardus",,1,1,27
Jacopone da Todi,Jacopone da Todi,,1,1,40
"Pizzamanus, Antonius","Pizzamanus, Antonius",,1,1,40
Robert Grosseteste,Robert Grosseteste,,4,4,2
Filippo Pigafetta,Filippo Pigafetta,,2,2,27
Antonius Paduanus,Antonius Paduanus,,1,1,33
"Zanchini, Giulio","Zanchini, Giulio",,1,1,4
"Cavoti, Giovanni Battista","Cavoti, Giovanni Battista",,1,1,2
Diego de Estella,Diego de Estella,,1,1,161
Bartholomeus de Pisis,Bartholomeus de Pisis,,1,1,161
Joannes Anglicus,Joannes Anglicus,,3,3,4
Lactantius Placidus,Lactantius Placidus,,4,4,162
Girolamo Avanzi,Girolamo Avanzi,,4,4,162
Francesco Maturanzio,Francesco Maturanzio,,4,4,162
Publius Papinius Statius,Publius Papinius Statius,,4,4,162
"Navarro, Diego","Navarro, Diego",,2,2,4
"Audet, Nikolaus","Audet, Nikolaus",,2,2,117
Antonio da Bitonto,Antonio da Bitonto,,2,2,163
Nicholas of Lyra,Nicholas of Lyra,,2,2,163
"Deverdellay, Jean","Deverdellay, Jean",,2,2,163
Pacificus of Ceredano,Pacificus of Ceredano,,1,1,164
"Turchi, Francesco","Turchi, Francesco",,1,1,164
Filippo Beroaldo,Filippo Beroaldo,,1,1,40
Francis of Mayrone,Francis of Mayrone,,1,1,4
Bernardino of Siena,Bernardino of Siena,,1,1,4
"Hojeda de Mendoza, Alonso","Hojeda de Mendoza, Alonso",,3,3,118
Zacharias Ferreri,Zacharias Ferreri,,3,3,118
Antonio da Tempo,Antonio da Tempo,,5,5,39
Bernardo Lapini,Bernardo Lapini,,5,5,39
Nicolò Peranzone,Nicolò Peranzone,,5,5,39
Girolamo Squarciafico,Girolamo Squarciafico,,5,5,39
Thomas Cajetan,Thomas Cajetan,,1,1,2
"Burchard, Johann","Burchard, Johann",,1,1,8
Macrobius,Macrobius,,2,2,40
Censorinus,Censorinus,,2,2,40
"Willich, Jodocus","Willich, Jodocus",,5,5,0
Angelo Gambiglioni,Angelo Gambiglioni,,5,5,165
Albertus Gandinus,Albertus Gandinus,,5,5,165
Bonifazio Vitalini,Bonifazio Vitalini,,5,5,165
Agostino Bonfranceschi,Agostino Bonfranceschi,,5,5,165
"Cucalón, Jerónimo","Cucalón, Jerónimo",,5,5,165
Tommaso Diplovataccio,Tommaso Diplovataccio,,5,5,165
"Campeggi, Giovanni","Campeggi, Giovanni",,2,2,166
Giovanni Crotto,Giovanni Crotto,,2,2,166
"Curtius, Franciscus","Curtius, Franciscus",,2,2,166
"Fulgoni, Cirillo","Fulgoni, Cirillo",,1,1,167
"Fulgoni, Scipio","Fulgoni, Scipio",,1,1,167
Giulio Claro,Giulio Claro,,1,1,168
Girolamo Giaccari,Girolamo Giaccari,,1,1,168
Urbanus IV,Urbanus IV,,1,1,40
